ACGATCTTAAGTAAACGAGGAAAATA,GCTTAGAGTAAAACTAAGCATCTAAGAGCGATACTA,AAA,ACA,1,0,0,0,1,0,0,0,1,0,0,0,1,0,0,0,0,1,0,0,1,0,0,0
ACGATCTTAAGTAAACGAGGAAAATA,GCTTAGAGTAAAACTAAGCATCTAAGAGCGCTACTA,AAA,ACC,1,0,0,0,1,0,0,0,1,0,0,0,1,0,0,0,0,1,0,0,0,1,0,0
ACGATCTTAAGTAAACGAGGAAAATA,GCTTAGAGTAAAACTAAGCATCTAAGAGCGGTACTA,AAA,ACG,1,0,0,0,1,0,0,0,1,0,0,0,1,0,0,0,0,1,0,0,0,0,1,0
ACGATCTTAAGTAAACGAGGAAAATA,GCTTAGAGTAAAACTAAGCATCTAAGAGGGATACTA,AAA,AGA,1,0,0,0,1,0,0,0,1,0,0,0,1,0,0,0,0,0,1,0,1,0,0,0
ACGATCTTAAGTAAACGAGGAAAATA,GCTTAGAGTAAAACTAAGCATCTAAGAGGGCTACTA,AAA,AGC,1,0,0,0,1,0,0,0,1,0,0,0,1,0,0,0,0,0,1,0,0,1,0,0
ACGATCTTAAGTAAACGAGGAAAATA,GCTTAGAGTAAAACTAAGCATCTAAGAGGGGTACTA,AAA,AGG,1,0,0,0,1,0,0,0,1,0,0,0,1,0,0,0,0,0,1,0,0,0,1,0
ACGATCTTAAGTAAACGAGGAAAATA,GCTTAGAGTAAAACTAAGCATCTAAGGGCGATACTA,AAA,GCA,1,0,0,0,1,0,0,0,1,0,0,0,0,0,1,0,0,1,0,0,1,0,0,0
ACGATCTTAAGTAAACGAGGAAAATA,GCTTAGAGTAAAACTAAGCATCTAAGGGCGCTACTA,AAA,GCC,1,0,0,0,1,0,0,0,1,0,0,0,0,0,1,0,0,1,0,0,0,1,0,0
ACGATCTTAAGTAAACGAGGAAAATA,GCTTAGAGTAAAACTAAGCATCTAAGGGCGGTACTA,AAA,GCG,1,0,0,0,1,0,0,0,1,0,0,0,0,0,1,0,0,1,0,0,0,0,1,0
ACGATCTTAAGTAAACGAGGAAAATA,GCTTAGAGTAAAACTAAGCATCTAAGGGGGATACTA,AAA,GGA,1,0,0,0,1,0,0,0,1,0,0,0,0,0,1,0,0,0,1,0,1,0,0,0
ACGATCTTAAGTAAACGAGGAAAATA,GCTTAGAGTAAAACTAAGCATCTAAGGGGGCTACTA,AAA,GGC,1,0,0,0,1,0,0,0,1,0,0,0,0,0,1,0,0,0,1,0,0,1,0,0
ACGATCTTAAGTAAACGAGGAAAATA,GCTTAGAGTAAAACTAAGCATCTAAGGGGGGTACTA,AAA,GGG,1,0,0,0,1,0,0,0,1,0,0,0,0,0,1,0,0,0,1,0,0,0,1,0
ACGATCTTAAGTAAACGCGGAAAATA,GCTTAGAGTAAAACTAAGCATCTAAGAGCGATACTA,AAC,ACA,1,0,0,0,1,0,0,0,0,1,0,0,1,0,0,0,0,1,0,0,1,0,0,0
ACGATCTTAAGTAAACGCGGAAAATA,GCTTAGAGTAAAACTAAGCATCTAAGAGCGCTACTA,AAC,ACC,1,0,0,0,1,0,0,0,0,1,0,0,1,0,0,0,0,1,0,0,0,1,0,0
ACGATCTTAAGTAAACGCGGAAAATA,GCTTAGAGTAAAACTAAGCATCTAAGAGCGGTACTA,AAC,ACG,1,0,0,0,1,0,0,0,0,1,0,0,1,0,0,0,0,1,0,0,0,0,1,0
ACGATCTTAAGTAAACGCGGAAAATA,GCTTAGAGTAAAACTAAGCATCTAAGAGGGATACTA,AAC,AGA,1,0,0,0,1,0,0,0,0,1,0,0,1,0,0,0,0,0,1,0,1,0,0,0
ACGATCTTAAGTAAACGCGGAAAATA,GCTTAGAGTAAAACTAAGCATCTAAGAGGGCTACTA,AAC,AGC,1,0,0,0,1,0,0,0,0,1,0,0,1,0,0,0,0,0,1,0,0,1,0,0
ACGATCTTAAGTAAACGCGGAAAATA,GCTTAGAGTAAAACTAAGCATCTAAGAGGGGTACTA,AAC,AGG,1,0,0,0,1,0,0,0,0,1,0,0,1,0,0,0,0,0,1,0,0,0,1,0
ACGATCTTAAGTAAACGCGGAAAATA,GCTTAGAGTAAAACTAAGCATCTAAGGGCGATACTA,AAC,GCA,1,0,0,0,1,0,0,0,0,1,0,0,0,0,1,0,0,1,0,0,1,0,0,0
ACGATCTTAAGTAAACGCGGAAAATA,GCTTAGAGTAAAACTAAGCATCTAAGGGCGCTACTA,AAC,GCC,1,0,0,0,1,0,0,0,0,1,0,0,0,0,1,0,0,1,0,0,0,1,0,0
ACGATCTTAAGTAAACGCGGAAAATA,GCTTAGAGTAAAACTAAGCATCTAAGGGCGGTACTA,AAC,GCG,1,0,0,0,1,0,0,0,0,1,0,0,0,0,1,0,0,1,0,0,0,0,1,0
ACGATCTTAAGTAAACGCGGAAAATA,GCTTAGAGTAAAACTAAGCATCTAAGGGGGATACTA,AAC,GGA,1,0,0,0,1,0,0,0,0,1,0,0,0,0,1,0,0,0,1,0,1,0,0,0
ACGATCTTAAGTAAACGCGGAAAATA,GCTTAGAGTAAAACTAAGCATCTAAGGGGGCTACTA,AAC,GGC,1,0,0,0,1,0,0,0,0,1,0,0,0,0,1,0,0,0,1,0,0,1,0,0
ACGATCTTAAGTAAACGCGGAAAATA,GCTTAGAGTAAAACTAAGCATCTAAGGGGGGTACTA,AAC,GGG,1,0,0,0,1,0,0,0,0,1,0,0,0,0,1,0,0,0,1,0,0,0,1,0
ACGATCTTAAGTAAACGGGGAAAATA,GCTTAGAGTAAAACTAAGCATCTAAGAGCGATACTA,AAG,ACA,1,0,0,0,1,0,0,0,0,0,1,0,1,0,0,0,0,1,0,0,1,0,0,0
ACGATCTTAAGTAAACGGGGAAAATA,GCTTAGAGTAAAACTAAGCATCTAAGAGCGCTACTA,AAG,ACC,1,0,0,0,1,0,0,0,0,0,1,0,1,0,0,0,0,1,0,0,0,1,0,0
ACGATCTTAAGTAAACGGGGAAAATA,GCTTAGAGTAAAACTAAGCATCTAAGAGCGGTACTA,AAG,ACG,1,0,0,0,1,0,0,0,0,0,1,0,1,0,0,0,0,1,0,0,0,0,1,0
ACGATCTTAAGTAAACGGGGAAAATA,GCTTAGAGTAAAACTAAGCATCTAAGAGGGATACTA,AAG,AGA,1,0,0,0,1,0,0,0,0,0,1,0,1,0,0,0,0,0,1,0,1,0,0,0
ACGATCTTAAGTAAACGGGGAAAATA,GCTTAGAGTAAAACTAAGCATCTAAGAGGGCTACTA,AAG,AGC,1,0,0,0,1,0,0,0,0,0,1,0,1,0,0,0,0,0,1,0,0,1,0,0
ACGATCTTAAGTAAACGGGGAAAATA,GCTTAGAGTAAAACTAAGCATCTAAGAGGGGTACTA,AAG,AGG,1,0,0,0,1,0,0,0,0,0,1,0,1,0,0,0,0,0,1,0,0,0,1,0
ACGATCTTAAGTAAACGGGGAAAATA,GCTTAGAGTAAAACTAAGCATCTAAGGGCGATACTA,AAG,GCA,1,0,0,0,1,0,0,0,0,0,1,0,0,0,1,0,0,1,0,0,1,0,0,0
ACGATCTTAAGTAAACGGGGAAAATA,GCTTAGAGTAAAACTAAGCATCTAAGGGCGCTACTA,AAG,GCC,1,0,0,0,1,0,0,0,0,0,1,0,0,0,1,0,0,1,0,0,0,1,0,0
ACGATCTTAAGTAAACGGGGAAAATA,GCTTAGAGTAAAACTAAGCATCTAAGGGCGGTACTA,AAG,GCG,1,0,0,0,1,0,0,0,0,0,1,0,0,0,1,0,0,1,0,0,0,0,1,0
ACGATCTTAAGTAAACGGGGAAAATA,GCTTAGAGTAAAACTAAGCATCTAAGGGGGATACTA,AAG,GGA,1,0,0,0,1,0,0,0,0,0,1,0,0,0,1,0,0,0,1,0,1,0,0,0
ACGATCTTAAGTAAACGGGGAAAATA,GCTTAGAGTAAAACTAAGCATCTAAGGGGGCTACTA,AAG,GGC,1,0,0,0,1,0,0,0,0,0,1,0,0,0,1,0,0,0,1,0,0,1,0,0
ACGATCTTAAGTAAACGGGGAAAATA,GCTTAGAGTAAAACTAAGCATCTAAGGGGGGTACTA,AAG,GGG,1,0,0,0,1,0,0,0,0,0,1,0,0,0,1,0,0,0,1,0,0,0,1,0
ACGATCTTAAGTAAGCGAGGAAAATA,GCTTAGAGTAAAACTAAGCATCTAAGAGCGATACTA,AGA,ACA,1,0,0,0,0,0,1,0,1,0,0,0,1,0,0,0,0,1,0,0,1,0,0,0
ACGATCTTAAGTAAGCGAGGAAAATA,GCTTAGAGTAAAACTAAGCATCTAAGAGCGCTACTA,AGA,ACC,1,0,0,0,0,0,1,0,1,0,0,0,1,0,0,0,0,1,0,0,0,1,0,0
ACGATCTTAAGTAAGCGAGGAAAATA,GCTTAGAGTAAAACTAAGCATCTAAGAGCGGTACTA,AGA,ACG,1,0,0,0,0,0,1,0,1,0,0,0,1,0,0,0,0,1,0,0,0,0,1,0
ACGATCTTAAGTAAGCGAGGAAAATA,GCTTAGAGTAAAACTAAGCATCTAAGAGGGATACTA,AGA,AGA,1,0,0,0,0,0,1,0,1,0,0,0,1,0,0,0,0,0,1,0,1,0,0,0
ACGATCTTAAGTAAGCGAGGAAAATA,GCTTAGAGTAAAACTAAGCATCTAAGAGGGCTACTA,AGA,AGC,1,0,0,0,0,0,1,0,1,0,0,0,1,0,0,0,0,0,1,0,0,1,0,0
ACGATCTTAAGTAAGCGAGGAAAATA,GCTTAGAGTAAAACTAAGCATCTAAGAGGGGTACTA,AGA,AGG,1,0,0,0,0,0,1,0,1,0,0,0,1,0,0,0,0,0,1,0,0,0,1,0
ACGATCTTAAGTAAGCGAGGAAAATA,GCTTAGAGTAAAACTAAGCATCTAAGGGCGATACTA,AGA,GCA,1,0,0,0,0,0,1,0,1,0,0,0,0,0,1,0,0,1,0,0,1,0,0,0
ACGATCTTAAGTAAGCGAGGAAAATA,GCTTAGAGTAAAACTAAGCATCTAAGGGCGCTACTA,AGA,GCC,1,0,0,0,0,0,1,0,1,0,0,0,0,0,1,0,0,1,0,0,0,1,0,0
ACGATCTTAAGTAAGCGAGGAAAATA,GCTTAGAGTAAAACTAAGCATCTAAGGGCGGTACTA,AGA,GCG,1,0,0,0,0,0,1,0,1,0,0,0,0,0,1,0,0,1,0,0,0,0,1,0
ACGATCTTAAGTAAGCGAGGAAAATA,GCTTAGAGTAAAACTAAGCATCTAAGGGGGATACTA,AGA,GGA,1,0,0,0,0,0,1,0,1,0,0,0,0,0,1,0,0,0,1,0,1,0,0,0
ACGATCTTAAGTAAGCGAGGAAAATA,GCTTAGAGTAAAACTAAGCATCTAAGGGGGCTACTA,AGA,GGC,1,0,0,0,0,0,1,0,1,0,0,0,0,0,1,0,0,0,1,0,0,1,0,0
ACGATCTTAAGTAAGCGAGGAAAATA,GCTTAGAGTAAAACTAAGCATCTAAGGGGGGTACTA,AGA,GGG,1,0,0,0,0,0,1,0,1,0,0,0,0,0,1,0,0,0,1,0,0,0,1,0
ACGATCTTAAGTAAGCGCGGAAAATA,GCTTAGAGTAAAACTAAGCATCTAAGAGCGATACTA,AGC,ACA,1,0,0,0,0,0,1,0,0,1,0,0,1,0,0,0,0,1,0,0,1,0,0,0
ACGATCTTAAGTAAGCGCGGAAAATA,GCTTAGAGTAAAACTAAGCATCTAAGAGCGCTACTA,AGC,ACC,1,0,0,0,0,0,1,0,0,1,0,0,1,0,0,0,0,1,0,0,0,1,0,0
ACGATCTTAAGTAAGCGCGGAAAATA,GCTTAGAGTAAAACTAAGCATCTAAGAGCGGTACTA,AGC,ACG,1,0,0,0,0,0,1,0,0,1,0,0,1,0,0,0,0,1,0,0,0,0,1,0
ACGATCTTAAGTAAGCGCGGAAAATA,GCTTAGAGTAAAACTAAGCATCTAAGAGGGATACTA,AGC,AGA,1,0,0,0,0,0,1,0,0,1,0,0,1,0,0,0,0,0,1,0,1,0,0,0
ACGATCTTAAGTAAGCGCGGAAAATA,GCTTAGAGTAAAACTAAGCATCTAAGAGGGCTACTA,AGC,AGC,1,0,0,0,0,0,1,0,0,1,0,0,1,0,0,0,0,0,1,0,0,1,0,0
ACGATCTTAAGTAAGCGCGGAAAATA,GCTTAGAGTAAAACTAAGCATCTAAGAGGGGTACTA,AGC,AGG,1,0,0,0,0,0,1,0,0,1,0,0,1,0,0,0,0,0,1,0,0,0,1,0
ACGATCTTAAGTAAGCGCGGAAAATA,GCTTAGAGTAAAACTAAGCATCTAAGGGCGATACTA,AGC,GCA,1,0,0,0,0,0,1,0,0,1,0,0,0,0,1,0,0,1,0,0,1,0,0,0
ACGATCTTAAGTAAGCGCGGAAAATA,GCTTAGAGTAAAACTAAGCATCTAAGGGCGCTACTA,AGC,GCC,1,0,0,0,0,0,1,0,0,1,0,0,0,0,1,0,0,1,0,0,0,1,0,0
ACGATCTTAAGTAAGCGCGGAAAATA,GCTTAGAGTAAAACTAAGCATCTAAGGGCGGTACTA,AGC,GCG,1,0,0,0,0,0,1,0,0,1,0,0,0,0,1,0,0,1,0,0,0,0,1,0
ACGATCTTAAGTAAGCGCGGAAAATA,GCTTAGAGTAAAACTAAGCATCTAAGGGGGATACTA,AGC,GGA,1,0,0,0,0,0,1,0,0,1,0,0,0,0,1,0,0,0,1,0,1,0,0,0
ACGATCTTAAGTAAGCGCGGAAAATA,GCTTAGAGTAAAACTAAGCATCTAAGGGGGCTACTA,AGC,GGC,1,0,0,0,0,0,1,0,0,1,0,0,0,0,1,0,0,0,1,0,0,1,0,0
ACGATCTTAAGTAAGCGCGGAAAATA,GCTTAGAGTAAAACTAAGCATCTAAGGGGGGTACTA,AGC,GGG,1,0,0,0,0,0,1,0,0,1,0,0,0,0,1,0,0,0,1,0,0,0,1,0
ACGATCTTAAGTAAGCGGGGAAAATA,GCTTAGAGTAAAACTAAGCATCTAAGAGCGATACTA,AGG,ACA,1,0,0,0,0,0,1,0,0,0,1,0,1,0,0,0,0,1,0,0,1,0,0,0
ACGATCTTAAGTAAGCGGGGAAAATA,GCTTAGAGTAAAACTAAGCATCTAAGAGCGCTACTA,AGG,ACC,1,0,0,0,0,0,1,0,0,0,1,0,1,0,0,0,0,1,0,0,0,1,0,0
ACGATCTTAAGTAAGCGGGGAAAATA,GCTTAGAGTAAAACTAAGCATCTAAGAGCGGTACTA,AGG,ACG,1,0,0,0,0,0,1,0,0,0,1,0,1,0,0,0,0,1,0,0,0,0,1,0
ACGATCTTAAGTAAGCGGGGAAAATA,GCTTAGAGTAAAACTAAGCATCTAAGAGGGATACTA,AGG,AGA,1,0,0,0,0,0,1,0,0,0,1,0,1,0,0,0,0,0,1,0,1,0,0,0
ACGATCTTAAGTAAGCGGGGAAAATA,GCTTAGAGTAAAACTAAGCATCTAAGAGGGCTACTA,AGG,AGC,1,0,0,0,0,0,1,0,0,0,1,0,1,0,0,0,0,0,1,0,0,1,0,0
ACGATCTTAAGTAAGCGGGGAAAATA,GCTTAGAGTAAAACTAAGCATCTAAGAGGGGTACTA,AGG,AGG,1,0,0,0,0,0,1,0,0,0,1,0,1,0,0,0,0,0,1,0,0,0,1,0
ACGATCTTAAGTAAGCGGGGAAAATA,GCTTAGAGTAAAACTAAGCATCTAAGGGCGATACTA,AGG,GCA,1,0,0,0,0,0,1,0,0,0,1,0,0,0,1,0,0,1,0,0,1,0,0,0
ACGATCTTAAGTAAGCGGGGAAAATA,GCTTAGAGTAAAACTAAGCATCTAAGGGCGCTACTA,AGG,GCC,1,0,0,0,0,0,1,0,0,0,1,0,0,0,1,0,0,1,0,0,0,1,0,0
ACGATCTTAAGTAAGCGGGGAAAATA,GCTTAGAGTAAAACTAAGCATCTAAGGGCGGTACTA,AGG,GCG,1,0,0,0,0,0,1,0,0,0,1,0,0,0,1,0,0,1,0,0,0,0,1,0
ACGATCTTAAGTAAGCGGGGAAAATA,GCTTAGAGTAAAACTAAGCATCTAAGGGGGATACTA,AGG,GGA,1,0,0,0,0,0,1,0,0,0,1,0,0,0,1,0,0,0,1,0,1,0,0,0
ACGATCTTAAGTAAGCGGGGAAAATA,GCTTAGAGTAAAACTAAGCATCTAAGGGGGCTACTA,AGG,GGC,1,0,0,0,0,0,1,0,0,0,1,0,0,0,1,0,0,0,1,0,0,1,0,0
ACGATCTTAAGTAAGCGGGGAAAATA,GCTTAGAGTAAAACTAAGCATCTAAGGGGGGTACTA,AGG,GGG,1,0,0,0,0,0,1,0,0,0,1,0,0,0,1,0,0,0,1,0,0,0,1,0
ACGATCTTAAGTAGACGAGGAAAATA,GCTTAGAGTAAAACTAAGCATCTAAGAGCGATACTA,GAA,ACA,0,0,1,0,1,0,0,0,1,0,0,0,1,0,0,0,0,1,0,0,1,0,0,0
ACGATCTTAAGTAGACGAGGAAAATA,GCTTAGAGTAAAACTAAGCATCTAAGAGCGCTACTA,GAA,ACC,0,0,1,0,1,0,0,0,1,0,0,0,1,0,0,0,0,1,0,0,0,1,0,0
ACGATCTTAAGTAGACGAGGAAAATA,GCTTAGAGTAAAACTAAGCATCTAAGAGCGGTACTA,GAA,ACG,0,0,1,0,1,0,0,0,1,0,0,0,1,0,0,0,0,1,0,0,0,0,1,0
ACGATCTTAAGTAGACGAGGAAAATA,GCTTAGAGTAAAACTAAGCATCTAAGAGGGATACTA,GAA,AGA,0,0,1,0,1,0,0,0,1,0,0,0,1,0,0,0,0,0,1,0,1,0,0,0
ACGATCTTAAGTAGACGAGGAAAATA,GCTTAGAGTAAAACTAAGCATCTAAGAGGGCTACTA,GAA,AGC,0,0,1,0,1,0,0,0,1,0,0,0,1,0,0,0,0,0,1,0,0,1,0,0
ACGATCTTAAGTAGACGAGGAAAATA,GCTTAGAGTAAAACTAAGCATCTAAGAGGGGTACTA,GAA,AGG,0,0,1,0,1,0,0,0,1,0,0,0,1,0,0,0,0,0,1,0,0,0,1,0
ACGATCTTAAGTAGACGAGGAAAATA,GCTTAGAGTAAAACTAAGCATCTAAGGGCGATACTA,GAA,GCA,0,0,1,0,1,0,0,0,1,0,0,0,0,0,1,0,0,1,0,0,1,0,0,0
ACGATCTTAAGTAGACGAGGAAAATA,GCTTAGAGTAAAACTAAGCATCTAAGGGCGCTACTA,GAA,GCC,0,0,1,0,1,0,0,0,1,0,0,0,0,0,1,0,0,1,0,0,0,1,0,0
ACGATCTTAAGTAGACGAGGAAAATA,GCTTAGAGTAAAACTAAGCATCTAAGGGCGGTACTA,GAA,GCG,0,0,1,0,1,0,0,0,1,0,0,0,0,0,1,0,0,1,0,0,0,0,1,0
ACGATCTTAAGTAGACGAGGAAAATA,GCTTAGAGTAAAACTAAGCATCTAAGGGGGATACTA,GAA,GGA,0,0,1,0,1,0,0,0,1,0,0,0,0,0,1,0,0,0,1,0,1,0,0,0
ACGATCTTAAGTAGACGAGGAAAATA,GCTTAGAGTAAAACTAAGCATCTAAGGGGGCTACTA,GAA,GGC,0,0,1,0,1,0,0,0,1,0,0,0,0,0,1,0,0,0,1,0,0,1,0,0
ACGATCTTAAGTAGACGAGGAAAATA,GCTTAGAGTAAAACTAAGCATCTAAGGGGGGTACTA,GAA,GGG,0,0,1,0,1,0,0,0,1,0,0,0,0,0,1,0,0,0,1,0,0,0,1,0
ACGATCTTAAGTAGACGCGGAAAATA,GCTTAGAGTAAAACTAAGCATCTAAGAGCGATACTA,GAC,ACA,0,0,1,0,1,0,0,0,0,1,0,0,1,0,0,0,0,1,0,0,1,0,0,0
ACGATCTTAAGTAGACGCGGAAAATA,GCTTAGAGTAAAACTAAGCATCTAAGAGCGCTACTA,GAC,ACC,0,0,1,0,1,0,0,0,0,1,0,0,1,0,0,0,0,1,0,0,0,1,0,0
ACGATCTTAAGTAGACGCGGAAAATA,GCTTAGAGTAAAACTAAGCATCTAAGAGCGGTACTA,GAC,ACG,0,0,1,0,1,0,0,0,0,1,0,0,1,0,0,0,0,1,0,0,0,0,1,0
ACGATCTTAAGTAGACGCGGAAAATA,GCTTAGAGTAAAACTAAGCATCTAAGAGGGATACTA,GAC,AGA,0,0,1,0,1,0,0,0,0,1,0,0,1,0,0,0,0,0,1,0,1,0,0,0
ACGATCTTAAGTAGACGCGGAAAATA,GCTTAGAGTAAAACTAAGCATCTAAGAGGGCTACTA,GAC,AGC,0,0,1,0,1,0,0,0,0,1,0,0,1,0,0,0,0,0,1,0,0,1,0,0
ACGATCTTAAGTAGACGCGGAAAATA,GCTTAGAGTAAAACTAAGCATCTAAGAGGGGTACTA,GAC,AGG,0,0,1,0,1,0,0,0,0,1,0,0,1,0,0,0,0,0,1,0,0,0,1,0
ACGATCTTAAGTAGACGCGGAAAATA,GCTTAGAGTAAAACTAAGCATCTAAGGGCGATACTA,GAC,GCA,0,0,1,0,1,0,0,0,0,1,0,0,0,0,1,0,0,1,0,0,1,0,0,0
ACGATCTTAAGTAGACGCGGAAAATA,GCTTAGAGTAAAACTAAGCATCTAAGGGCGCTACTA,GAC,GCC,0,0,1,0,1,0,0,0,0,1,0,0,0,0,1,0,0,1,0,0,0,1,0,0
ACGATCTTAAGTAGACGCGGAAAATA,GCTTAGAGTAAAACTAAGCATCTAAGGGCGGTACTA,GAC,GCG,0,0,1,0,1,0,0,0,0,1,0,0,0,0,1,0,0,1,0,0,0,0,1,0
ACGATCTTAAGTAGACGCGGAAAATA,GCTTAGAGTAAAACTAAGCATCTAAGGGGGATACTA,GAC,GGA,0,0,1,0,1,0,0,0,0,1,0,0,0,0,1,0,0,0,1,0,1,0,0,0
ACGATCTTAAGTAGACGCGGAAAATA,GCTTAGAGTAAAACTAAGCATCTAAGGGGGCTACTA,GAC,GGC,0,0,1,0,1,0,0,0,0,1,0,0,0,0,1,0,0,0,1,0,0,1,0,0
ACGATCTTAAGTAGACGCGGAAAATA,GCTTAGAGTAAAACTAAGCATCTAAGGGGGGTACTA,GAC,GGG,0,0,1,0,1,0,0,0,0,1,0,0,0,0,1,0,0,0,1,0,0,0,1,0
ACGATCTTAAGTAGACGGGGAAAATA,GCTTAGAGTAAAACTAAGCATCTAAGAGCGATACTA,GAG,ACA,0,0,1,0,1,0,0,0,0,0,1,0,1,0,0,0,0,1,0,0,1,0,0,0
ACGATCTTAAGTAGACGGGGAAAATA,GCTTAGAGTAAAACTAAGCATCTAAGAGCGCTACTA,GAG,ACC,0,0,1,0,1,0,0,0,0,0,1,0,1,0,0,0,0,1,0,0,0,1,0,0
ACGATCTTAAGTAGACGGGGAAAATA,GCTTAGAGTAAAACTAAGCATCTAAGAGCGGTACTA,GAG,ACG,0,0,1,0,1,0,0,0,0,0,1,0,1,0,0,0,0,1,0,0,0,0,1,0
ACGATCTTAAGTAGACGGGGAAAATA,GCTTAGAGTAAAACTAAGCATCTAAGAGGGATACTA,GAG,AGA,0,0,1,0,1,0,0,0,0,0,1,0,1,0,0,0,0,0,1,0,1,0,0,0
ACGATCTTAAGTAGACGGGGAAAATA,GCTTAGAGTAAAACTAAGCATCTAAGAGGGCTACTA,GAG,AGC,0,0,1,0,1,0,0,0,0,0,1,0,1,0,0,0,0,0,1,0,0,1,0,0
ACGATCTTAAGTAGACGGGGAAAATA,GCTTAGAGTAAAACTAAGCATCTAAGAGGGGTACTA,GAG,AGG,0,0,1,0,1,0,0,0,0,0,1,0,1,0,0,0,0,0,1,0,0,0,1,0
ACGATCTTAAGTAGACGGGGAAAATA,GCTTAGAGTAAAACTAAGCATCTAAGGGCGATACTA,GAG,GCA,0,0,1,0,1,0,0,0,0,0,1,0,0,0,1,0,0,1,0,0,1,0,0,0
ACGATCTTAAGTAGACGGGGAAAATA,GCTTAGAGTAAAACTAAGCATCTAAGGGCGCTACTA,GAG,GCC,0,0,1,0,1,0,0,0,0,0,1,0,0,0,1,0,0,1,0,0,0,1,0,0
ACGATCTTAAGTAGACGGGGAAAATA,GCTTAGAGTAAAACTAAGCATCTAAGGGCGGTACTA,GAG,GCG,0,0,1,0,1,0,0,0,0,0,1,0,0,0,1,0,0,1,0,0,0,0,1,0
ACGATCTTAAGTAGACGGGGAAAATA,GCTTAGAGTAAAACTAAGCATCTAAGGGGGATACTA,GAG,GGA,0,0,1,0,1,0,0,0,0,0,1,0,0,0,1,0,0,0,1,0,1,0,0,0
ACGATCTTAAGTAGACGGGGAAAATA,GCTTAGAGTAAAACTAAGCATCTAAGGGGGCTACTA,GAG,GGC,0,0,1,0,1,0,0,0,0,0,1,0,0,0,1,0,0,0,1,0,0,1,0,0
ACGATCTTAAGTAGACGGGGAAAATA,GCTTAGAGTAAAACTAAGCATCTAAGGGGGGTACTA,GAG,GGG,0,0,1,0,1,0,0,0,0,0,1,0,0,0,1,0,0,0,1,0,0,0,1,0
ACGATCTTAAGTAGGCGAGGAAAATA,GCTTAGAGTAAAACTAAGCATCTAAGAGCGATACTA,GGA,ACA,0,0,1,0,0,0,1,0,1,0,0,0,1,0,0,0,0,1,0,0,1,0,0,0
ACGATCTTAAGTAGGCGAGGAAAATA,GCTTAGAGTAAAACTAAGCATCTAAGAGCGCTACTA,GGA,ACC,0,0,1,0,0,0,1,0,1,0,0,0,1,0,0,0,0,1,0,0,0,1,0,0
ACGATCTTAAGTAGGCGAGGAAAATA,GCTTAGAGTAAAACTAAGCATCTAAGAGCGGTACTA,GGA,ACG,0,0,1,0,0,0,1,0,1,0,0,0,1,0,0,0,0,1,0,0,0,0,1,0
ACGATCTTAAGTAGGCGAGGAAAATA,GCTTAGAGTAAAACTAAGCATCTAAGAGGGATACTA,GGA,AGA,0,0,1,0,0,0,1,0,1,0,0,0,1,0,0,0,0,0,1,0,1,0,0,0
ACGATCTTAAGTAGGCGAGGAAAATA,GCTTAGAGTAAAACTAAGCATCTAAGAGGGCTACTA,GGA,AGC,0,0,1,0,0,0,1,0,1,0,0,0,1,0,0,0,0,0,1,0,0,1,0,0
ACGATCTTAAGTAGGCGAGGAAAATA,GCTTAGAGTAAAACTAAGCATCTAAGAGGGGTACTA,GGA,AGG,0,0,1,0,0,0,1,0,1,0,0,0,1,0,0,0,0,0,1,0,0,0,1,0
ACGATCTTAAGTAGGCGAGGAAAATA,GCTTAGAGTAAAACTAAGCATCTAAGGGCGATACTA,GGA,GCA,0,0,1,0,0,0,1,0,1,0,0,0,0,0,1,0,0,1,0,0,1,0,0,0
ACGATCTTAAGTAGGCGAGGAAAATA,GCTTAGAGTAAAACTAAGCATCTAAGGGCGCTACTA,GGA,GCC,0,0,1,0,0,0,1,0,1,0,0,0,0,0,1,0,0,1,0,0,0,1,0,0
ACGATCTTAAGTAGGCGAGGAAAATA,GCTTAGAGTAAAACTAAGCATCTAAGGGCGGTACTA,GGA,GCG,0,0,1,0,0,0,1,0,1,0,0,0,0,0,1,0,0,1,0,0,0,0,1,0
ACGATCTTAAGTAGGCGAGGAAAATA,GCTTAGAGTAAAACTAAGCATCTAAGGGGGATACTA,GGA,GGA,0,0,1,0,0,0,1,0,1,0,0,0,0,0,1,0,0,0,1,0,1,0,0,0
ACGATCTTAAGTAGGCGAGGAAAATA,GCTTAGAGTAAAACTAAGCATCTAAGGGGGCTACTA,GGA,GGC,0,0,1,0,0,0,1,0,1,0,0,0,0,0,1,0,0,0,1,0,0,1,0,0
ACGATCTTAAGTAGGCGAGGAAAATA,GCTTAGAGTAAAACTAAGCATCTAAGGGGGGTACTA,GGA,GGG,0,0,1,0,0,0,1,0,1,0,0,0,0,0,1,0,0,0,1,0,0,0,1,0
ACGATCTTAAGTAGGCGCGGAAAATA,GCTTAGAGTAAAACTAAGCATCTAAGAGCGATACTA,GGC,ACA,0,0,1,0,0,0,1,0,0,1,0,0,1,0,0,0,0,1,0,0,1,0,0,0
ACGATCTTAAGTAGGCGCGGAAAATA,GCTTAGAGTAAAACTAAGCATCTAAGAGCGCTACTA,GGC,ACC,0,0,1,0,0,0,1,0,0,1,0,0,1,0,0,0,0,1,0,0,0,1,0,0
ACGATCTTAAGTAGGCGCGGAAAATA,GCTTAGAGTAAAACTAAGCATCTAAGAGCGGTACTA,GGC,ACG,0,0,1,0,0,0,1,0,0,1,0,0,1,0,0,0,0,1,0,0,0,0,1,0
ACGATCTTAAGTAGGCGCGGAAAATA,GCTTAGAGTAAAACTAAGCATCTAAGAGGGATACTA,GGC,AGA,0,0,1,0,0,0,1,0,0,1,0,0,1,0,0,0,0,0,1,0,1,0,0,0
ACGATCTTAAGTAGGCGCGGAAAATA,GCTTAGAGTAAAACTAAGCATCTAAGAGGGCTACTA,GGC,AGC,0,0,1,0,0,0,1,0,0,1,0,0,1,0,0,0,0,0,1,0,0,1,0,0
ACGATCTTAAGTAGGCGCGGAAAATA,GCTTAGAGTAAAACTAAGCATCTAAGAGGGGTACTA,GGC,AGG,0,0,1,0,0,0,1,0,0,1,0,0,1,0,0,0,0,0,1,0,0,0,1,0
ACGATCTTAAGTAGGCGCGGAAAATA,GCTTAGAGTAAAACTAAGCATCTAAGGGCGATACTA,GGC,GCA,0,0,1,0,0,0,1,0,0,1,0,0,0,0,1,0,0,1,0,0,1,0,0,0
ACGATCTTAAGTAGGCGCGGAAAATA,GCTTAGAGTAAAACTAAGCATCTAAGGGCGCTACTA,GGC,GCC,0,0,1,0,0,0,1,0,0,1,0,0,0,0,1,0,0,1,0,0,0,1,0,0
ACGATCTTAAGTAGGCGCGGAAAATA,GCTTAGAGTAAAACTAAGCATCTAAGGGCGGTACTA,GGC,GCG,0,0,1,0,0,0,1,0,0,1,0,0,0,0,1,0,0,1,0,0,0,0,1,0
ACGATCTTAAGTAGGCGCGGAAAATA,GCTTAGAGTAAAACTAAGCATCTAAGGGGGATACTA,GGC,GGA,0,0,1,0,0,0,1,0,0,1,0,0,0,0,1,0,0,0,1,0,1,0,0,0
ACGATCTTAAGTAGGCGCGGAAAATA,GCTTAGAGTAAAACTAAGCATCTAAGGGGGCTACTA,GGC,GGC,0,0,1,0,0,0,1,0,0,1,0,0,0,0,1,0,0,0,1,0,0,1,0,0
ACGATCTTAAGTAGGCGCGGAAAATA,GCTTAGAGTAAAACTAAGCATCTAAGGGGGGTACTA,GGC,GGG,0,0,1,0,0,0,1,0,0,1,0,0,0,0,1,0,0,0,1,0,0,0,1,0
ACGATCTTAAGTAGGCGGGGAAAATA,GCTTAGAGTAAAACTAAGCATCTAAGAGCGATACTA,GGG,ACA,0,0,1,0,0,0,1,0,0,0,1,0,1,0,0,0,0,1,0,0,1,0,0,0
ACGATCTTAAGTAGGCGGGGAAAATA,GCTTAGAGTAAAACTAAGCATCTAAGAGCGCTACTA,GGG,ACC,0,0,1,0,0,0,1,0,0,0,1,0,1,0,0,0,0,1,0,0,0,1,0,0
ACGATCTTAAGTAGGCGGGGAAAATA,GCTTAGAGTAAAACTAAGCATCTAAGAGCGGTACTA,GGG,ACG,0,0,1,0,0,0,1,0,0,0,1,0,1,0,0,0,0,1,0,0,0,0,1,0
ACGATCTTAAGTAGGCGGGGAAAATA,GCTTAGAGTAAAACTAAGCATCTAAGAGGGATACTA,GGG,AGA,0,0,1,0,0,0,1,0,0,0,1,0,1,0,0,0,0,0,1,0,1,0,0,0
ACGATCTTAAGTAGGCGGGGAAAATA,GCTTAGAGTAAAACTAAGCATCTAAGAGGGCTACTA,GGG,AGC,0,0,1,0,0,0,1,0,0,0,1,0,1,0,0,0,0,0,1,0,0,1,0,0
ACGATCTTAAGTAGGCGGGGAAAATA,GCTTAGAGTAAAACTAAGCATCTAAGAGGGGTACTA,GGG,AGG,0,0,1,0,0,0,1,0,0,0,1,0,1,0,0,0,0,0,1,0,0,0,1,0
ACGATCTTAAGTAGGCGGGGAAAATA,GCTTAGAGTAAAACTAAGCATCTAAGGGCGATACTA,GGG,GCA,0,0,1,0,0,0,1,0,0,0,1,0,0,0,1,0,0,1,0,0,1,0,0,0
ACGATCTTAAGTAGGCGGGGAAAATA,GCTTAGAGTAAAACTAAGCATCTAAGGGCGCTACTA,GGG,GCC,0,0,1,0,0,0,1,0,0,0,1,0,0,0,1,0,0,1,0,0,0,1,0,0
ACGATCTTAAGTAGGCGGGGAAAATA,GCTTAGAGTAAAACTAAGCATCTAAGGGCGGTACTA,GGG,GCG,0,0,1,0,0,0,1,0,0,0,1,0,0,0,1,0,0,1,0,0,0,0,1,0
ACGATCTTAAGTAGGCGGGGAAAATA,GCTTAGAGTAAAACTAAGCATCTAAGGGGGATACTA,GGG,GGA,0,0,1,0,0,0,1,0,0,0,1,0,0,0,1,0,0,0,1,0,1,0,0,0
ACGATCTTAAGTAGGCGGGGAAAATA,GCTTAGAGTAAAACTAAGCATCTAAGGGGGCTACTA,GGG,GGC,0,0,1,0,0,0,1,0,0,0,1,0,0,0,1,0,0,0,1,0,0,1,0,0
ACGATCTTAAGTAGGCGGGGAAAATA,GCTTAGAGTAAAACTAAGCATCTAAGGGGGGTACTA,GGG,GGG,0,0,1,0,0,0,1,0,0,0,1,0,0,0,1,0,0,0,1,0,0,0,1,0
